lat,lon,score,model,horizon
52.65,13.1,0.699,XGBoost,next ~2 years from Sep 2025
54.4,13.5,0.6407,XGBoost,next ~2 years from Sep 2025
51.6,6.45,0.6397,XGBoost,next ~2 years from Sep 2025
50.35,8.6,0.6358,XGBoost,next ~2 years from Sep 2025
51.85,7.15,0.6244,XGBoost,next ~2 years from Sep 2025
53.2,7.55,0.6229,XGBoost,next ~2 years from Sep 2025
51.8,7.35,0.6227,XGBoost,next ~2 years from Sep 2025
52.05,10.7,0.6188,XGBoost,next ~2 years from Sep 2025
53.2,7.6,0.6088,XGBoost,next ~2 years from Sep 2025
52.05,7.55,0.606,XGBoost,next ~2 years from Sep 2025
52.0,10.65,0.6049,XGBoost,next ~2 years from Sep 2025
48.35,11.15,0.5984,XGBoost,next ~2 years from Sep 2025
50.75,6.75,0.5918,XGBoost,next ~2 years from Sep 2025
53.35,7.4,0.5916,XGBoost,next ~2 years from Sep 2025
53.35,7.35,0.5889,XGBoost,next ~2 years from Sep 2025
50.75,10.05,0.5862,XGBoost,next ~2 years from Sep 2025
51.45,9.85,0.5859,XGBoost,next ~2 years from Sep 2025
49.7,9.6,0.5833,XGBoost,next ~2 years from Sep 2025
51.2,14.85,0.583,XGBoost,next ~2 years from Sep 2025
51.85,7.9,0.5789,XGBoost,next ~2 years from Sep 2025
48.0,9.6,0.5748,XGBoost,next ~2 years from Sep 2025
50.9,11.05,0.5739,XGBoost,next ~2 years from Sep 2025
52.5,10.4,0.569,XGBoost,next ~2 years from Sep 2025
48.5,13.5,0.5675,XGBoost,next ~2 years from Sep 2025
52.9,7.35,0.5671,XGBoost,next ~2 years from Sep 2025
47.6,9.45,0.5599,XGBoost,next ~2 years from Sep 2025
48.65,12.15,0.5596,XGBoost,next ~2 years from Sep 2025
54.4,13.75,0.5585,XGBoost,next ~2 years from Sep 2025
48.2,9.75,0.5579,XGBoost,next ~2 years from Sep 2025
54.25,13.0,0.555,XGBoost,next ~2 years from Sep 2025
53.45,7.25,0.5539,XGBoost,next ~2 years from Sep 2025
49.45,8.1,0.5528,XGBoost,next ~2 years from Sep 2025
51.85,8.75,0.5505,XGBoost,next ~2 years from Sep 2025
54.5,13.4,0.5502,XGBoost,next ~2 years from Sep 2025
51.6,8.4,0.5492,XGBoost,next ~2 years from Sep 2025
51.7,9.7,0.5482,XGBoost,next ~2 years from Sep 2025
49.8,8.3,0.5476,XGBoost,next ~2 years from Sep 2025
49.6,8.25,0.546,XGBoost,next ~2 years from Sep 2025
47.55,9.8,0.5458,XGBoost,next ~2 years from Sep 2025
53.2,7.2,0.5448,XGBoost,next ~2 years from Sep 2025
49.25,11.4,0.5432,XGBoost,next ~2 years from Sep 2025
52.25,8.4,0.5403,XGBoost,next ~2 years from Sep 2025
52.5,12.9,0.5402,XGBoost,next ~2 years from Sep 2025
51.25,9.85,0.538,XGBoost,next ~2 years from Sep 2025
50.6,6.55,0.536,XGBoost,next ~2 years from Sep 2025
52.55,10.45,0.5358,XGBoost,next ~2 years from Sep 2025
50.85,11.55,0.534,XGBoost,next ~2 years from Sep 2025
52.6,13.8,0.5329,XGBoost,next ~2 years from Sep 2025
50.2,9.4,0.5321,XGBoost,next ~2 years from Sep 2025
53.95,10.6,0.5316,XGBoost,next ~2 years from Sep 2025
53.05,9.45,0.5301,XGBoost,next ~2 years from Sep 2025
50.55,6.85,0.5274,XGBoost,next ~2 years from Sep 2025
50.0,11.1,0.526,XGBoost,next ~2 years from Sep 2025
51.1,7.75,0.5255,XGBoost,next ~2 years from Sep 2025
48.95,13.4,0.5243,XGBoost,next ~2 years from Sep 2025
50.75,6.35,0.5241,XGBoost,next ~2 years from Sep 2025
52.8,13.15,0.5224,XGBoost,next ~2 years from Sep 2025
52.9,7.45,0.522,XGBoost,next ~2 years from Sep 2025
53.5,7.2,0.5217,XGBoost,next ~2 years from Sep 2025
51.9,9.85,0.5211,XGBoost,next ~2 years from Sep 2025
52.7,8.35,0.5193,XGBoost,next ~2 years from Sep 2025
52.75,7.9,0.5189,XGBoost,next ~2 years from Sep 2025
52.2,6.95,0.5185,XGBoost,next ~2 years from Sep 2025
51.15,9.9,0.5177,XGBoost,next ~2 years from Sep 2025
50.3,9.55,0.5169,XGBoost,next ~2 years from Sep 2025
48.05,12.3,0.5154,XGBoost,next ~2 years from Sep 2025
51.65,8.1,0.5149,XGBoost,next ~2 years from Sep 2025
50.85,8.6,0.511,XGBoost,next ~2 years from Sep 2025
52.35,13.75,0.5096,XGBoost,next ~2 years from Sep 2025
50.65,6.6,0.509,XGBoost,next ~2 years from Sep 2025
53.4,7.05,0.5086,XGBoost,next ~2 years from Sep 2025
52.65,13.0,0.5085,XGBoost,next ~2 years from Sep 2025
52.05,6.75,0.5079,XGBoost,next ~2 years from Sep 2025
48.8,10.75,0.5056,XGBoost,next ~2 years from Sep 2025
49.85,9.45,0.5045,XGBoost,next ~2 years from Sep 2025
53.05,10.25,0.5042,XGBoost,next ~2 years from Sep 2025
53.25,7.25,0.5034,XGBoost,next ~2 years from Sep 2025
48.9,13.5,0.5013,XGBoost,next ~2 years from Sep 2025
51.8,9.95,0.4999,XGBoost,next ~2 years from Sep 2025
51.5,12.25,0.4995,XGBoost,next ~2 years from Sep 2025
52.65,13.05,0.4994,XGBoost,next ~2 years from Sep 2025
48.75,10.05,0.4979,XGBoost,next ~2 years from Sep 2025
50.85,7.8,0.4963,XGBoost,next ~2 years from Sep 2025
50.7,8.9,0.4957,XGBoost,next ~2 years from Sep 2025
53.25,8.65,0.4955,XGBoost,next ~2 years from Sep 2025
50.15,10.95,0.4952,XGBoost,next ~2 years from Sep 2025
54.55,13.7,0.4948,XGBoost,next ~2 years from Sep 2025
48.0,12.65,0.4937,XGBoost,next ~2 years from Sep 2025
52.15,9.6,0.4931,XGBoost,next ~2 years from Sep 2025
51.45,10.15,0.4926,XGBoost,next ~2 years from Sep 2025
53.8,10.55,0.4924,XGBoost,next ~2 years from Sep 2025
50.6,7.85,0.4923,XGBoost,next ~2 years from Sep 2025
53.4,7.55,0.4923,XGBoost,next ~2 years from Sep 2025
53.35,7.55,0.492,XGBoost,next ~2 years from Sep 2025
48.05,11.0,0.4891,XGBoost,next ~2 years from Sep 2025
51.5,12.4,0.4884,XGBoost,next ~2 years from Sep 2025
52.2,9.35,0.4878,XGBoost,next ~2 years from Sep 2025
49.9,9.75,0.4874,XGBoost,next ~2 years from Sep 2025
50.9,9.5,0.4872,XGBoost,next ~2 years from Sep 2025
50.2,10.65,0.4872,XGBoost,next ~2 years from Sep 2025
51.55,8.45,0.4865,XGBoost,next ~2 years from Sep 2025
53.05,10.05,0.4848,XGBoost,next ~2 years from Sep 2025
52.75,13.4,0.484,XGBoost,next ~2 years from Sep 2025
53.05,8.05,0.4839,XGBoost,next ~2 years from Sep 2025
49.9,9.45,0.4828,XGBoost,next ~2 years from Sep 2025
50.5,10.85,0.4823,XGBoost,next ~2 years from Sep 2025
48.45,12.1,0.482,XGBoost,next ~2 years from Sep 2025
49.65,9.3,0.482,XGBoost,next ~2 years from Sep 2025
48.3,10.4,0.4818,XGBoost,next ~2 years from Sep 2025
48.0,10.4,0.4812,XGBoost,next ~2 years from Sep 2025
52.05,9.85,0.4806,XGBoost,next ~2 years from Sep 2025
48.4,10.65,0.4799,XGBoost,next ~2 years from Sep 2025
53.35,9.3,0.4798,XGBoost,next ~2 years from Sep 2025
48.2,12.1,0.4789,XGBoost,next ~2 years from Sep 2025
48.6,12.7,0.4788,XGBoost,next ~2 years from Sep 2025
50.35,10.95,0.4786,XGBoost,next ~2 years from Sep 2025
48.95,13.2,0.4775,XGBoost,next ~2 years from Sep 2025
53.25,7.3,0.4771,XGBoost,next ~2 years from Sep 2025
51.75,9.6,0.477,XGBoost,next ~2 years from Sep 2025
50.5,10.45,0.4766,XGBoost,next ~2 years from Sep 2025
49.6,9.3,0.4735,XGBoost,next ~2 years from Sep 2025
49.3,9.05,0.4734,XGBoost,next ~2 years from Sep 2025
49.55,9.9,0.4717,XGBoost,next ~2 years from Sep 2025
54.4,13.0,0.4711,XGBoost,next ~2 years from Sep 2025
50.5,6.8,0.4707,XGBoost,next ~2 years from Sep 2025
50.5,7.95,0.4704,XGBoost,next ~2 years from Sep 2025
47.7,7.6,0.47,XGBoost,next ~2 years from Sep 2025
53.65,10.85,0.4697,XGBoost,next ~2 years from Sep 2025
50.25,7.7,0.4696,XGBoost,next ~2 years from Sep 2025
53.45,7.3,0.4692,XGBoost,next ~2 years from Sep 2025
53.35,7.8,0.4689,XGBoost,next ~2 years from Sep 2025
50.45,10.85,0.4684,XGBoost,next ~2 years from Sep 2025
50.95,9.4,0.4677,XGBoost,next ~2 years from Sep 2025
52.05,7.95,0.4677,XGBoost,next ~2 years from Sep 2025
50.4,9.8,0.4674,XGBoost,next ~2 years from Sep 2025
52.75,13.35,0.4653,XGBoost,next ~2 years from Sep 2025
50.85,8.65,0.4647,XGBoost,next ~2 years from Sep 2025
52.9,7.55,0.4646,XGBoost,next ~2 years from Sep 2025
49.5,9.7,0.4635,XGBoost,next ~2 years from Sep 2025
51.5,10.05,0.4634,XGBoost,next ~2 years from Sep 2025
50.95,8.8,0.4624,XGBoost,next ~2 years from Sep 2025
47.85,10.35,0.4618,XGBoost,next ~2 years from Sep 2025
53.15,7.2,0.4616,XGBoost,next ~2 years from Sep 2025
50.95,12.35,0.4616,XGBoost,next ~2 years from Sep 2025
50.15,9.4,0.4612,XGBoost,next ~2 years from Sep 2025
53.3,7.65,0.461,XGBoost,next ~2 years from Sep 2025
52.25,10.15,0.4609,XGBoost,next ~2 years from Sep 2025
50.95,9.7,0.4604,XGBoost,next ~2 years from Sep 2025
53.9,8.75,0.4602,XGBoost,next ~2 years from Sep 2025
51.15,9.95,0.4599,XGBoost,next ~2 years from Sep 2025
51.3,9.9,0.4579,XGBoost,next ~2 years from Sep 2025
53.4,7.3,0.4579,XGBoost,next ~2 years from Sep 2025
52.6,7.9,0.4574,XGBoost,next ~2 years from Sep 2025
48.7,8.3,0.4572,XGBoost,next ~2 years from Sep 2025
52.5,7.05,0.4571,XGBoost,next ~2 years from Sep 2025
48.9,11.75,0.4561,XGBoost,next ~2 years from Sep 2025
49.8,10.65,0.4557,XGBoost,next ~2 years from Sep 2025
47.75,10.8,0.4554,XGBoost,next ~2 years from Sep 2025
52.1,9.65,0.4547,XGBoost,next ~2 years from Sep 2025
54.3,12.45,0.4542,XGBoost,next ~2 years from Sep 2025
50.4,9.3,0.4538,XGBoost,next ~2 years from Sep 2025
51.4,9.3,0.4523,XGBoost,next ~2 years from Sep 2025
49.65,8.15,0.452,XGBoost,next ~2 years from Sep 2025
53.2,9.2,0.4509,XGBoost,next ~2 years from Sep 2025
52.6,9.8,0.4498,XGBoost,next ~2 years from Sep 2025
50.75,10.25,0.4489,XGBoost,next ~2 years from Sep 2025
50.1,9.75,0.4487,XGBoost,next ~2 years from Sep 2025
50.35,10.7,0.4484,XGBoost,next ~2 years from Sep 2025
51.7,6.8,0.4478,XGBoost,next ~2 years from Sep 2025
50.3,7.85,0.4476,XGBoost,next ~2 years from Sep 2025
52.45,10.15,0.4468,XGBoost,next ~2 years from Sep 2025
49.35,9.9,0.4465,XGBoost,next ~2 years from Sep 2025
50.55,9.95,0.446,XGBoost,next ~2 years from Sep 2025
54.15,12.4,0.4459,XGBoost,next ~2 years from Sep 2025
53.5,7.8,0.4447,XGBoost,next ~2 years from Sep 2025
47.9,8.95,0.4441,XGBoost,next ~2 years from Sep 2025
51.45,6.2,0.4434,XGBoost,next ~2 years from Sep 2025
52.85,7.45,0.4434,XGBoost,next ~2 years from Sep 2025
50.1,9.3,0.4432,XGBoost,next ~2 years from Sep 2025
51.8,8.9,0.4415,XGBoost,next ~2 years from Sep 2025
50.05,9.8,0.4408,XGBoost,next ~2 years from Sep 2025
47.9,8.0,0.4408,XGBoost,next ~2 years from Sep 2025
47.75,10.7,0.4407,XGBoost,next ~2 years from Sep 2025
53.5,7.75,0.4407,XGBoost,next ~2 years from Sep 2025
54.5,13.15,0.4405,XGBoost,next ~2 years from Sep 2025
50.35,9.35,0.4404,XGBoost,next ~2 years from Sep 2025
49.0,10.55,0.4402,XGBoost,next ~2 years from Sep 2025
53.75,8.0,0.4401,XGBoost,next ~2 years from Sep 2025
50.65,8.55,0.4395,XGBoost,next ~2 years from Sep 2025
53.5,10.7,0.4394,XGBoost,next ~2 years from Sep 2025
50.75,11.25,0.4393,XGBoost,next ~2 years from Sep 2025
49.05,10.7,0.4392,XGBoost,next ~2 years from Sep 2025
54.45,13.65,0.4392,XGBoost,next ~2 years from Sep 2025
51.8,10.6,0.4387,XGBoost,next ~2 years from Sep 2025
50.45,9.5,0.4387,XGBoost,next ~2 years from Sep 2025
54.85,9.35,0.4386,XGBoost,next ~2 years from Sep 2025
51.15,9.85,0.4382,XGBoost,next ~2 years from Sep 2025
48.35,11.1,0.4375,XGBoost,next ~2 years from Sep 2025
48.95,12.6,0.4373,XGBoost,next ~2 years from Sep 2025
53.9,9.95,0.4371,XGBoost,next ~2 years from Sep 2025
47.85,11.55,0.4366,XGBoost,next ~2 years from Sep 2025
49.4,7.85,0.4365,XGBoost,next ~2 years from Sep 2025
50.7,10.05,0.4364,XGBoost,next ~2 years from Sep 2025
53.45,8.2,0.4363,XGBoost,next ~2 years from Sep 2025
53.75,9.15,0.4363,XGBoost,next ~2 years from Sep 2025
54.05,9.85,0.4361,XGBoost,next ~2 years from Sep 2025
51.05,12.35,0.4359,XGBoost,next ~2 years from Sep 2025
53.45,7.65,0.4355,XGBoost,next ~2 years from Sep 2025
50.65,8.5,0.4349,XGBoost,next ~2 years from Sep 2025
50.1,9.55,0.4349,XGBoost,next ~2 years from Sep 2025
47.85,8.7,0.4346,XGBoost,next ~2 years from Sep 2025
50.8,11.35,0.4346,XGBoost,next ~2 years from Sep 2025
52.0,9.95,0.4344,XGBoost,next ~2 years from Sep 2025
51.5,9.7,0.4343,XGBoost,next ~2 years from Sep 2025
50.75,10.4,0.4342,XGBoost,next ~2 years from Sep 2025
51.55,9.35,0.4336,XGBoost,next ~2 years from Sep 2025
52.65,10.6,0.433,XGBoost,next ~2 years from Sep 2025
49.15,11.85,0.4329,XGBoost,next ~2 years from Sep 2025
48.2,10.3,0.4328,XGBoost,next ~2 years from Sep 2025
47.8,12.8,0.4327,XGBoost,next ~2 years from Sep 2025
48.1,10.3,0.4322,XGBoost,next ~2 years from Sep 2025
51.2,9.85,0.432,XGBoost,next ~2 years from Sep 2025
54.0,9.45,0.4318,XGBoost,next ~2 years from Sep 2025
53.35,9.55,0.4313,XGBoost,next ~2 years from Sep 2025
51.35,9.7,0.4302,XGBoost,next ~2 years from Sep 2025
49.6,9.8,0.4297,XGBoost,next ~2 years from Sep 2025
48.35,10.4,0.4296,XGBoost,next ~2 years from Sep 2025
50.55,9.45,0.4293,XGBoost,next ~2 years from Sep 2025
50.55,6.9,0.4287,XGBoost,next ~2 years from Sep 2025
51.55,12.1,0.4284,XGBoost,next ~2 years from Sep 2025
52.0,7.9,0.4283,XGBoost,next ~2 years from Sep 2025
50.3,10.65,0.4282,XGBoost,next ~2 years from Sep 2025
53.35,7.85,0.4274,XGBoost,next ~2 years from Sep 2025
49.15,11.5,0.4273,XGBoost,next ~2 years from Sep 2025
49.8,9.25,0.4269,XGBoost,next ~2 years from Sep 2025
54.05,9.5,0.4268,XGBoost,next ~2 years from Sep 2025
48.75,10.85,0.4267,XGBoost,next ~2 years from Sep 2025
52.8,8.7,0.4266,XGBoost,next ~2 years from Sep 2025
50.45,7.05,0.4265,XGBoost,next ~2 years from Sep 2025
52.0,9.05,0.4265,XGBoost,next ~2 years from Sep 2025
49.15,13.25,0.4265,XGBoost,next ~2 years from Sep 2025
51.15,6.05,0.4264,XGBoost,next ~2 years from Sep 2025
52.7,8.4,0.4251,XGBoost,next ~2 years from Sep 2025
49.85,11.1,0.4244,XGBoost,next ~2 years from Sep 2025
51.75,8.45,0.4243,XGBoost,next ~2 years from Sep 2025
53.5,7.65,0.4241,XGBoost,next ~2 years from Sep 2025
52.8,9.05,0.424,XGBoost,next ~2 years from Sep 2025
50.15,9.25,0.4237,XGBoost,next ~2 years from Sep 2025
49.7,9.8,0.4224,XGBoost,next ~2 years from Sep 2025
52.15,10.15,0.4223,XGBoost,next ~2 years from Sep 2025
48.7,8.55,0.4221,XGBoost,next ~2 years from Sep 2025
50.0,9.85,0.4216,XGBoost,next ~2 years from Sep 2025
50.05,11.15,0.4214,XGBoost,next ~2 years from Sep 2025
51.4,9.85,0.4213,XGBoost,next ~2 years from Sep 2025
54.45,13.7,0.4212,XGBoost,next ~2 years from Sep 2025
52.15,9.15,0.4204,XGBoost,next ~2 years from Sep 2025
52.45,10.45,0.4199,XGBoost,next ~2 years from Sep 2025
51.7,12.2,0.4199,XGBoost,next ~2 years from Sep 2025
52.05,10.2,0.4197,XGBoost,next ~2 years from Sep 2025
53.05,9.35,0.4196,XGBoost,next ~2 years from Sep 2025
50.9,8.65,0.4193,XGBoost,next ~2 years from Sep 2025
49.25,12.25,0.4186,XGBoost,next ~2 years from Sep 2025
52.9,7.4,0.4182,XGBoost,next ~2 years from Sep 2025
49.05,10.15,0.4182,XGBoost,next ~2 years from Sep 2025
51.7,9.5,0.4178,XGBoost,next ~2 years from Sep 2025
51.4,6.15,0.4174,XGBoost,next ~2 years from Sep 2025
51.65,10.25,0.4169,XGBoost,next ~2 years from Sep 2025
52.85,7.85,0.4163,XGBoost,next ~2 years from Sep 2025
50.05,9.9,0.4163,XGBoost,next ~2 years from Sep 2025
50.9,9.0,0.4153,XGBoost,next ~2 years from Sep 2025
51.75,11.9,0.4151,XGBoost,next ~2 years from Sep 2025
54.2,12.6,0.415,XGBoost,next ~2 years from Sep 2025
50.0,9.9,0.415,XGBoost,next ~2 years from Sep 2025
48.15,9.55,0.4149,XGBoost,next ~2 years from Sep 2025
48.35,9.65,0.4149,XGBoost,next ~2 years from Sep 2025
52.5,10.45,0.4144,XGBoost,next ~2 years from Sep 2025
50.25,10.5,0.4141,XGBoost,next ~2 years from Sep 2025
49.65,9.8,0.4139,XGBoost,next ~2 years from Sep 2025
52.15,13.15,0.4137,XGBoost,next ~2 years from Sep 2025
53.4,7.8,0.4136,XGBoost,next ~2 years from Sep 2025
50.9,9.95,0.4136,XGBoost,next ~2 years from Sep 2025
51.1,13.5,0.4133,XGBoost,next ~2 years from Sep 2025
53.9,10.0,0.4133,XGBoost,next ~2 years from Sep 2025
53.95,11.5,0.413,XGBoost,next ~2 years from Sep 2025
51.9,6.45,0.4124,XGBoost,next ~2 years from Sep 2025
50.05,9.85,0.4123,XGBoost,next ~2 years from Sep 2025
53.5,7.55,0.412,XGBoost,next ~2 years from Sep 2025
48.2,8.7,0.4113,XGBoost,next ~2 years from Sep 2025
52.25,7.25,0.4111,XGBoost,next ~2 years from Sep 2025
53.95,13.0,0.4106,XGBoost,next ~2 years from Sep 2025
49.15,12.6,0.4104,XGBoost,next ~2 years from Sep 2025
54.1,8.8,0.4101,XGBoost,next ~2 years from Sep 2025
49.15,11.9,0.4099,XGBoost,next ~2 years from Sep 2025
54.1,10.1,0.4098,XGBoost,next ~2 years from Sep 2025
54.45,13.5,0.4098,XGBoost,next ~2 years from Sep 2025
52.45,8.25,0.4095,XGBoost,next ~2 years from Sep 2025
53.35,7.9,0.409,XGBoost,next ~2 years from Sep 2025
52.65,9.75,0.4089,XGBoost,next ~2 years from Sep 2025
53.75,9.2,0.4085,XGBoost,next ~2 years from Sep 2025
50.95,9.1,0.4084,XGBoost,next ~2 years from Sep 2025
53.75,7.85,0.408,XGBoost,next ~2 years from Sep 2025
50.4,10.6,0.408,XGBoost,next ~2 years from Sep 2025
53.4,9.55,0.4073,XGBoost,next ~2 years from Sep 2025
50.7,8.05,0.4065,XGBoost,next ~2 years from Sep 2025
51.95,6.75,0.4064,XGBoost,next ~2 years from Sep 2025
53.35,7.65,0.4059,XGBoost,next ~2 years from Sep 2025
50.85,11.05,0.4058,XGBoost,next ~2 years from Sep 2025
53.6,7.1,0.4049,XGBoost,next ~2 years from Sep 2025
50.5,10.55,0.4046,XGBoost,next ~2 years from Sep 2025
51.1,9.75,0.4046,XGBoost,next ~2 years from Sep 2025
51.25,10.55,0.4043,XGBoost,next ~2 years from Sep 2025
50.65,9.9,0.4041,XGBoost,next ~2 years from Sep 2025
47.95,8.35,0.404,XGBoost,next ~2 years from Sep 2025
49.95,9.5,0.4037,XGBoost,next ~2 years from Sep 2025
50.55,9.1,0.4037,XGBoost,next ~2 years from Sep 2025
47.8,7.5,0.4036,XGBoost,next ~2 years from Sep 2025
53.3,7.1,0.4029,XGBoost,next ~2 years from Sep 2025
52.5,10.65,0.4023,XGBoost,next ~2 years from Sep 2025
50.5,10.35,0.4018,XGBoost,next ~2 years from Sep 2025
47.7,10.45,0.4015,XGBoost,next ~2 years from Sep 2025
50.35,10.4,0.4008,XGBoost,next ~2 years from Sep 2025
50.35,10.75,0.4004,XGBoost,next ~2 years from Sep 2025
47.7,10.5,0.3999,XGBoost,next ~2 years from Sep 2025
52.7,7.1,0.3995,XGBoost,next ~2 years from Sep 2025
51.75,12.15,0.3992,XGBoost,next ~2 years from Sep 2025
49.85,9.75,0.399,XGBoost,next ~2 years from Sep 2025
50.45,10.05,0.399,XGBoost,next ~2 years from Sep 2025
51.75,12.25,0.3988,XGBoost,next ~2 years from Sep 2025
51.85,11.0,0.3983,XGBoost,next ~2 years from Sep 2025
51.75,12.1,0.3982,XGBoost,next ~2 years from Sep 2025
51.7,9.45,0.3976,XGBoost,next ~2 years from Sep 2025
48.1,10.35,0.3975,XGBoost,next ~2 years from Sep 2025
48.25,12.1,0.3971,XGBoost,next ~2 years from Sep 2025
54.85,9.3,0.397,XGBoost,next ~2 years from Sep 2025
53.55,12.35,0.3967,XGBoost,next ~2 years from Sep 2025
51.6,9.35,0.3965,XGBoost,next ~2 years from Sep 2025
53.05,10.5,0.3959,XGBoost,next ~2 years from Sep 2025
53.2,10.65,0.3958,XGBoost,next ~2 years from Sep 2025
51.1,10.15,0.3957,XGBoost,next ~2 years from Sep 2025
51.3,6.1,0.3956,XGBoost,next ~2 years from Sep 2025
51.9,10.75,0.3955,XGBoost,next ~2 years from Sep 2025
49.6,9.25,0.3952,XGBoost,next ~2 years from Sep 2025
50.55,10.55,0.395,XGBoost,next ~2 years from Sep 2025
52.55,9.25,0.395,XGBoost,next ~2 years from Sep 2025
49.15,6.95,0.3949,XGBoost,next ~2 years from Sep 2025
49.35,12.8,0.3947,XGBoost,next ~2 years from Sep 2025
52.45,8.2,0.3946,XGBoost,next ~2 years from Sep 2025
50.1,9.6,0.3941,XGBoost,next ~2 years from Sep 2025
53.9,12.05,0.3937,XGBoost,next ~2 years from Sep 2025
52.55,9.85,0.3935,XGBoost,next ~2 years from Sep 2025
54.05,11.9,0.3933,XGBoost,next ~2 years from Sep 2025
50.85,12.65,0.3929,XGBoost,next ~2 years from Sep 2025
53.5,9.25,0.3928,XGBoost,next ~2 years from Sep 2025
51.35,10.2,0.3928,XGBoost,next ~2 years from Sep 2025
51.15,9.8,0.3926,XGBoost,next ~2 years from Sep 2025
52.5,11.9,0.3926,XGBoost,next ~2 years from Sep 2025
52.4,9.05,0.3925,XGBoost,next ~2 years from Sep 2025
50.35,10.5,0.3924,XGBoost,next ~2 years from Sep 2025
52.0,9.9,0.3923,XGBoost,next ~2 years from Sep 2025
52.05,9.45,0.3921,XGBoost,next ~2 years from Sep 2025
51.7,9.25,0.392,XGBoost,next ~2 years from Sep 2025
50.5,6.9,0.3918,XGBoost,next ~2 years from Sep 2025
51.5,9.55,0.3915,XGBoost,next ~2 years from Sep 2025
49.7,7.0,0.3914,XGBoost,next ~2 years from Sep 2025
54.3,13.45,0.3914,XGBoost,next ~2 years from Sep 2025
51.45,9.25,0.3914,XGBoost,next ~2 years from Sep 2025
51.45,10.05,0.3912,XGBoost,next ~2 years from Sep 2025
50.05,10.75,0.3911,XGBoost,next ~2 years from Sep 2025
50.55,10.5,0.391,XGBoost,next ~2 years from Sep 2025
52.65,9.5,0.3907,XGBoost,next ~2 years from Sep 2025
50.5,10.0,0.3906,XGBoost,next ~2 years from Sep 2025
48.1,9.0,0.3904,XGBoost,next ~2 years from Sep 2025
49.65,9.15,0.3904,XGBoost,next ~2 years from Sep 2025
49.55,7.0,0.3898,XGBoost,next ~2 years from Sep 2025
53.75,10.7,0.3897,XGBoost,next ~2 years from Sep 2025
49.85,9.7,0.3895,XGBoost,next ~2 years from Sep 2025
51.2,8.1,0.389,XGBoost,next ~2 years from Sep 2025
50.95,8.65,0.3889,XGBoost,next ~2 years from Sep 2025
51.05,9.1,0.3885,XGBoost,next ~2 years from Sep 2025
49.1,7.85,0.3885,XGBoost,next ~2 years from Sep 2025
47.95,8.4,0.3883,XGBoost,next ~2 years from Sep 2025
51.15,10.7,0.3883,XGBoost,next ~2 years from Sep 2025
51.45,9.75,0.3883,XGBoost,next ~2 years from Sep 2025
50.6,9.95,0.3883,XGBoost,next ~2 years from Sep 2025
52.5,12.5,0.3882,XGBoost,next ~2 years from Sep 2025
53.6,10.8,0.3878,XGBoost,next ~2 years from Sep 2025
53.0,9.4,0.3877,XGBoost,next ~2 years from Sep 2025
53.9,9.65,0.3876,XGBoost,next ~2 years from Sep 2025
49.1,13.3,0.3871,XGBoost,next ~2 years from Sep 2025
51.2,9.6,0.3865,XGBoost,next ~2 years from Sep 2025
51.95,10.2,0.3864,XGBoost,next ~2 years from Sep 2025
51.7,10.2,0.3862,XGBoost,next ~2 years from Sep 2025
51.05,9.05,0.386,XGBoost,next ~2 years from Sep 2025
51.3,10.15,0.3854,XGBoost,next ~2 years from Sep 2025
52.35,7.0,0.3854,XGBoost,next ~2 years from Sep 2025
53.9,10.45,0.3849,XGBoost,next ~2 years from Sep 2025
50.45,10.45,0.3848,XGBoost,next ~2 years from Sep 2025
48.25,9.4,0.3847,XGBoost,next ~2 years from Sep 2025
49.5,9.15,0.3844,XGBoost,next ~2 years from Sep 2025
52.35,12.55,0.3843,XGBoost,next ~2 years from Sep 2025
52.55,7.45,0.3842,XGBoost,next ~2 years from Sep 2025
54.2,12.5,0.3842,XGBoost,next ~2 years from Sep 2025
53.95,10.95,0.3842,XGBoost,next ~2 years from Sep 2025
49.45,6.75,0.3837,XGBoost,next ~2 years from Sep 2025
51.2,10.55,0.3833,XGBoost,next ~2 years from Sep 2025
51.05,10.35,0.3832,XGBoost,next ~2 years from Sep 2025
53.9,12.0,0.3827,XGBoost,next ~2 years from Sep 2025
50.4,8.55,0.3827,XGBoost,next ~2 years from Sep 2025
51.7,10.15,0.3827,XGBoost,next ~2 years from Sep 2025
49.95,12.3,0.3826,XGBoost,next ~2 years from Sep 2025
49.75,11.45,0.3826,XGBoost,next ~2 years from Sep 2025
50.15,11.35,0.3822,XGBoost,next ~2 years from Sep 2025
50.55,12.2,0.3821,XGBoost,next ~2 years from Sep 2025
51.05,9.8,0.382,XGBoost,next ~2 years from Sep 2025
54.3,13.55,0.3817,XGBoost,next ~2 years from Sep 2025
52.6,8.55,0.3814,XGBoost,next ~2 years from Sep 2025
52.45,9.05,0.3813,XGBoost,next ~2 years from Sep 2025
53.55,7.05,0.3812,XGBoost,next ~2 years from Sep 2025
48.4,12.05,0.3811,XGBoost,next ~2 years from Sep 2025
49.95,11.25,0.3808,XGBoost,next ~2 years from Sep 2025
48.95,11.15,0.3807,XGBoost,next ~2 years from Sep 2025
50.1,11.35,0.3806,XGBoost,next ~2 years from Sep 2025
51.15,10.1,0.3802,XGBoost,next ~2 years from Sep 2025
49.9,6.85,0.3802,XGBoost,next ~2 years from Sep 2025
50.0,11.25,0.3801,XGBoost,next ~2 years from Sep 2025
52.9,7.5,0.3801,XGBoost,next ~2 years from Sep 2025
51.2,9.2,0.38,XGBoost,next ~2 years from Sep 2025
51.15,10.5,0.3793,XGBoost,next ~2 years from Sep 2025
51.3,10.2,0.3791,XGBoost,next ~2 years from Sep 2025
54.0,12.15,0.3788,XGBoost,next ~2 years from Sep 2025
48.0,10.45,0.3788,XGBoost,next ~2 years from Sep 2025
54.05,13.05,0.3788,XGBoost,next ~2 years from Sep 2025
53.0,9.45,0.3786,XGBoost,next ~2 years from Sep 2025
52.25,13.1,0.3786,XGBoost,next ~2 years from Sep 2025
49.65,7.3,0.3783,XGBoost,next ~2 years from Sep 2025
49.65,7.1,0.3781,XGBoost,next ~2 years from Sep 2025
48.95,13.45,0.3781,XGBoost,next ~2 years from Sep 2025
50.2,11.45,0.3781,XGBoost,next ~2 years from Sep 2025
50.95,9.65,0.378,XGBoost,next ~2 years from Sep 2025
54.2,11.9,0.3778,XGBoost,next ~2 years from Sep 2025
51.7,12.15,0.3776,XGBoost,next ~2 years from Sep 2025
49.25,7.5,0.3774,XGBoost,next ~2 years from Sep 2025
53.6,10.6,0.3772,XGBoost,next ~2 years from Sep 2025
50.65,7.7,0.377,XGBoost,next ~2 years from Sep 2025
54.3,12.6,0.3768,XGBoost,next ~2 years from Sep 2025
52.2,11.85,0.3763,XGBoost,next ~2 years from Sep 2025
52.15,11.85,0.3763,XGBoost,next ~2 years from Sep 2025
50.45,10.55,0.3761,XGBoost,next ~2 years from Sep 2025
53.15,9.95,0.3759,XGBoost,next ~2 years from Sep 2025
53.5,8.2,0.3756,XGBoost,next ~2 years from Sep 2025
53.45,9.2,0.3755,XGBoost,next ~2 years from Sep 2025
52.0,10.05,0.3753,XGBoost,next ~2 years from Sep 2025
51.5,6.15,0.3752,XGBoost,next ~2 years from Sep 2025
50.4,9.35,0.3751,XGBoost,next ~2 years from Sep 2025
49.7,12.0,0.3746,XGBoost,next ~2 years from Sep 2025
48.3,13.25,0.3746,XGBoost,next ~2 years from Sep 2025
49.45,12.35,0.3746,XGBoost,next ~2 years from Sep 2025
49.6,9.05,0.3744,XGBoost,next ~2 years from Sep 2025
49.85,11.55,0.3742,XGBoost,next ~2 years from Sep 2025
49.6,9.85,0.3739,XGBoost,next ~2 years from Sep 2025
53.35,10.5,0.3734,XGBoost,next ~2 years from Sep 2025
54.3,13.2,0.3734,XGBoost,next ~2 years from Sep 2025
49.8,9.3,0.3729,XGBoost,next ~2 years from Sep 2025
47.95,9.3,0.3727,XGBoost,next ~2 years from Sep 2025
51.25,10.4,0.3723,XGBoost,next ~2 years from Sep 2025
53.35,7.05,0.3723,XGBoost,next ~2 years from Sep 2025
51.85,12.0,0.3721,XGBoost,next ~2 years from Sep 2025
48.35,13.05,0.3719,XGBoost,next ~2 years from Sep 2025
51.6,11.95,0.3718,XGBoost,next ~2 years from Sep 2025
51.05,10.3,0.3713,XGBoost,next ~2 years from Sep 2025
49.45,11.6,0.3713,XGBoost,next ~2 years from Sep 2025
51.1,10.55,0.371,XGBoost,next ~2 years from Sep 2025
54.4,13.1,0.3709,XGBoost,next ~2 years from Sep 2025
52.65,12.95,0.3705,XGBoost,next ~2 years from Sep 2025
51.8,9.3,0.3698,XGBoost,next ~2 years from Sep 2025
51.75,9.25,0.3695,XGBoost,next ~2 years from Sep 2025
53.9,9.05,0.3695,XGBoost,next ~2 years from Sep 2025
51.7,10.4,0.3691,XGBoost,next ~2 years from Sep 2025
53.45,10.7,0.368,XGBoost,next ~2 years from Sep 2025
51.95,9.35,0.368,XGBoost,next ~2 years from Sep 2025
50.65,9.95,0.3678,XGBoost,next ~2 years from Sep 2025
52.35,11.45,0.3672,XGBoost,next ~2 years from Sep 2025
52.25,6.95,0.3671,XGBoost,next ~2 years from Sep 2025
50.15,9.75,0.3668,XGBoost,next ~2 years from Sep 2025
48.25,9.15,0.3668,XGBoost,next ~2 years from Sep 2025
48.9,8.1,0.3666,XGBoost,next ~2 years from Sep 2025
53.3,9.2,0.3665,XGBoost,next ~2 years from Sep 2025
50.3,10.85,0.3663,XGBoost,next ~2 years from Sep 2025
51.95,9.95,0.3663,XGBoost,next ~2 years from Sep 2025
50.3,10.55,0.366,XGBoost,next ~2 years from Sep 2025
50.9,10.1,0.3656,XGBoost,next ~2 years from Sep 2025
51.6,8.95,0.3655,XGBoost,next ~2 years from Sep 2025
49.6,11.9,0.3655,XGBoost,next ~2 years from Sep 2025
50.45,9.45,0.3651,XGBoost,next ~2 years from Sep 2025
52.0,9.6,0.3651,XGBoost,next ~2 years from Sep 2025
54.7,9.85,0.3649,XGBoost,next ~2 years from Sep 2025
51.45,10.1,0.3646,XGBoost,next ~2 years from Sep 2025
50.4,10.65,0.364,XGBoost,next ~2 years from Sep 2025
51.75,9.65,0.3639,XGBoost,next ~2 years from Sep 2025
48.65,10.5,0.3637,XGBoost,next ~2 years from Sep 2025
